￥9999,智慧电商美业餐厅酒店旅游营销saas系统IT/IOS开发
￥5000,企业管理系统办公软件PLG丨ERP系统SaaS系统PMS开发
￥5000,前端定制开发vue框架前端交互切图前端web设计saas系统
￥5000,ios安卓APP定制开发saas系统erp办公crm客户管理
狂欢价:¥3500,￥5000,APP开发定制ios设计saas电商城教育d播直应用成品工具
￥1888,微信小程序软件开发外包PYTHON分销商城物联网定制SAAS
狂欢价:¥1288,￥1588,saas支付宝微信公众号小程序商城H5python开发定制作
狂欢价:¥1133,￥1288,小程序微信H5开发区块链SAAS数字藏品教育医疗电商系统外包
狂欢价:¥719,￥898,企业模板网站制作/公司官网SAAS建站/网站建设/网页设计
￥1688,原生app开发SaaS定制商城教育社交短视频物流物联网小程序
￥2000,微信小程序定制作开发h5支付宝SaaS公众号商城分销团购外卖
￥2988,北京软件开发系统开发大型连锁超市SaaS软件管理系统
￥1000,小程序开发互联网学校公众号定制设计开SaaS微网站微信
￥980,电商商城原生APP开发安卓IOS定制SaaS系统原创设计制作
狂欢价:¥1288,￥1588,saas支付宝微信公众号小程序商城H5python开发定制作
￥3889,软件开发企业管理软件SaaS工具软件考勤财务系统NFT区块链
￥1万,物业贝贝app互联网物业app智慧社区SAAS平台物业服务
狂欢价:¥719,￥898,企业模板网站制作/公司官网SAAS建站/网站建设/网页设计
￥5000,CRM|OA|saas会员管理系统|定制餐饮开发|进库存系统
￥1888,微信小程序软件开发外包PYTHON分销商城物联网定制SAAS
￥899,saas支付宝微信公众号小程序商城H5python开发定制作
￥1000,仓储物流软件出入库数据库IT开发定制SaaS企业管理系统平台
￥3800,saas多商城微信小程序定制开发|多门店|连锁企业|设计规划
￥1999,微信抖音支付宝Saas模板小程序成品分销商城h5源码定制开发
￥5000,直播卖房APP定制开发社交软件同城交友聊天saas系统
￥6657,SAAS建站网站定制建设网页响应式模板前端PHP旅游维护英文
狂欢价:¥1200,￥1500,企业OA|CRM|ERP|TMS仓储物流SAAS管理软件开发
￥1980,仓储物流软件出入库数据库IT开发定制SaaS企业管理系统平台
￥8999,saas支付宝微信公众号小程序商城H5python开发定制作
￥9900,CRM|OA|saas会员管理系统|进库存系统|定制餐饮开发
￥9800,软件开发OA系统CRM客户管理系统ERP系统SAAS软件平台
￥999,saas支付宝微信公众号小程序商城H5python开发定制作
￥1000,金融保险理财基金行业数据中台Saas平台商业计划书写作撰写
￥1000,原生app开发数据库设计saas平台开发管理系统c语言开发
￥799,抽奖活动小程序h5页面设计网页开发saas产品策划舞蹈网页版
￥1899,外*移动应用UI设计可视化小程序软件数据库saas设计
￥5000,app小程序开发网站开发建设软件saas后端python
￥800,【小程序开发】微信电商商城/团购/教育/定制小程序/SaaS
￥1.99万,企业办公OA系统/ERP/网站建设/SaaS/ERP企业管理
￥1200,saas支付宝微信公众号小程序商城H5python开发定制作
狂欢价:¥1232,￥1399,saas支付宝微信公众号小程序商城H5python开发定制作
￥1000,数字藏品SaaS系统NFT数字藏品平台开发数字藏品铸造上链
￥3688,SAAS系统开发商城电商同城外卖团购分销点餐系统SAAS开发
￥9900,CRM|OA|saas会员管理系统|进库存系统|定制餐饮开发
￥5万,有赞插件有赞小游戏有赞应用市场企业微信开发saas微盟插件字
￥1688,原生app开发SaaS定制商城教育社交短视频物流物联网小程序
狂欢价:¥1133,￥1288,小程序微信H5开发区块链SAAS数字藏品教育医疗电商系统外包
￥5万,智能控制软件应用开发智能软件开发SAAS软件自动化控制软件
￥1800,saas支付宝微信公众号小程序商城H5python开发定制作
￥4580,SAAS|工具|嵌入式|仓储物流|测试|抢购|采集软件开发
